release_year,genres,popularity,vote,profit,revenue
1916,Drama,3.232447,7.4,21.75330066570443,8394751.0
1925,Drama,0.785744,7.0,89.79591836734694,22000000.0
1925,Romance,0.785744,7.0,89.79591836734694,22000000.0
1925,War,0.785744,7.0,89.79591836734694,22000000.0
1927,Drama,32.351527,8.0,0.007022478946231915,650422.0
1927,Science Fiction,32.351527,8.0,0.007022478946231915,650422.0
1929,Drama,1.3965245,6.3,11.49868073878628,2179000.0
1929,Music,0.968865,5.0,11.49868073878628,4358000.0
1929,Romance,1.3965245,6.3,11.49868073878628,2179000.0
1929,Thriller,1.824184,7.6,,0.0
1930,Action,8.484123,6.1,2.0253164556962027,8000000.0
1930,Drama,8.484123,6.1,2.0253164556962027,8000000.0
1930,History,8.484123,6.1,2.0253164556962027,8000000.0
1932,Drama,1.199451,6.2,6.25,25.0
1932,Romance,1.199451,6.2,6.25,25.0
1932,War,1.199451,6.2,6.25,25.0
1933,Comedy,1.2780589999999998,5.6,8.097949886104784,2240500.0
1933,Music,1.933366,6.1,5.195899772209567,2281000.0
1933,Romance,1.933366,6.1,5.195899772209567,2281000.0
1934,Comedy,11.871424,7.7,13.846153846153847,4500000.0
1934,Romance,11.871424,7.7,13.846153846153847,4500000.0
1935,Comedy,3.898498,7.4,5.257799671592775,3202000.0
1935,Music,3.898498,7.4,5.257799671592775,3202000.0
1935,Romance,3.898498,7.4,5.257799671592775,3202000.0
1936,Action,2.968235,6.8,2.28,2736000.0
1936,Adventure,2.968235,6.8,2.28,2736000.0
1936,Comedy,28.27648,8.1,8500000.0,8500000.0
1936,Drama,15.6223575,7.449999999999999,4250001.14,5618000.0
1936,War,2.968235,6.8,2.28,2736000.0
1937,Adventure,4.021389,8.4,,0.0
1937,Animation,80.171283,6.9,124.24256142239135,184925486.0
1937,Drama,4.021389,8.4,,0.0
1937,Family,80.171283,6.9,124.24256142239135,184925486.0
1937,Fantasy,80.171283,6.9,124.24256142239135,184925486.0
1937,Romance,4.021389,8.4,,0.0
1938,Comedy,3.426314,7.2,4.5193277218957935,7433101.0
1938,Drama,0.483974,4.8,2.0,4000000.0
1938,Music,0.483974,4.8,2.0,4000000.0
1938,Romance,1.955144,6.0,3.2596638609478967,5716550.5
1939,Adventure,67.417542,7.4,12.15519157364062,33754967.0
1939,Comedy,12.2624,7.9,6.4,9600000.0
1939,Drama,30.622475,7.800000000000001,53.222057375000006,204888229.5
1939,Family,67.417542,7.4,12.15519157364062,33754967.0
1939,Fantasy,67.417542,7.4,12.15519157364062,33754967.0
1939,Romance,48.98255,7.7,100.04411475,400176459.0
1939,War,48.98255,7.7,100.04411475,400176459.0
1940,Adventure,1.867004,6.5,4.586,9172000.0
1940,Animation,39.44173,7.050000000000001,34.483468286099864,83810000.0
1940,Drama,7.191520666666668,6.866666666666667,4.622192546583851,5057333.333333333
1940,Family,26.721397666666665,6.833333333333333,34.483468286099864,55873333.333333336
1940,Fantasy,1.280733,6.4,,0.0
1940,Music,32.875469,7.2,36.54385964912281,83320000.0
1940,Mystery,18.426825,7.7,4.658385093167702,6000000.0
1940,Romance,1.867004,6.5,4.586,9172000.0
1941,Drama,7.70019,6.8,4.8,6000000.0
1942,Animation,47.651878,6.8,311.709965034965,267447150.0
1942,Drama,45.6905005,7.35,161.81312602545518,138954825.0
1942,Family,47.651878,6.8,311.709965034965,267447150.0
1942,Romance,43.729123,7.9,11.916287015945331,10462500.0
1944,Comedy,0.628051,7.0,2.919102075391783,6892000.0
1944,Drama,0.531444,6.0,2.041492196421774,5363000.0
1944,Music,0.628051,7.0,2.919102075391783,6892000.0
1944,Romance,0.531444,6.0,2.041492196421774,5363000.0
1944,War,0.531444,6.0,2.041492196421774,5363000.0
1945,Drama,6.076843,6.833333333333333,5.898148148148149,9044000.0
1945,Music,1.847822,6.2,,0.0
1945,Mystery,11.145915,7.3,4.666666666666667,7000000.0
1945,Romance,1.847822,6.2,,0.0
1945,Thriller,11.145915,7.3,4.666666666666667,7000000.0
1946,Drama,25.6278325,7.8,7.147324079065589,16647062.0
1946,Family,42.868495,8.0,3.032743396226415,9644124.0
1946,Fantasy,42.868495,8.0,3.032743396226415,9644124.0
1946,History,8.38717,7.6,11.261904761904763,23650000.0
1946,Romance,8.38717,7.6,11.261904761904763,23650000.0
1946,Western,7.60445,6.2,3.4,20400000.0
1947,Action,0.042442,6.6,,0.0
1947,Crime,8.055084,7.2,0.0,0.0
1947,Drama,4.493020666666667,6.866666666666667,1.95,2600000.0
1947,Mystery,8.055084,7.2,0.0,0.0
1947,Romance,2.711989,6.699999999999999,3.9,3900000.0
1948,Crime,0.186401,7.0,,0.0
1948,Music,0.90522,6.6,0.798918918918919,2956000.0
1948,Mystery,0.186401,7.0,,0.0
1948,Romance,0.90522,6.6,0.798918918918919,2956000.0
1948,Thriller,0.186401,7.0,,0.0
1948,Western,5.344815,7.3,3.004,9012000.0
1949,Action,3.851,6.2,7.8,7800000.0
1949,Drama,3.851,6.2,7.8,7800000.0
1949,History,3.851,6.2,7.8,7800000.0
1949,War,3.851,6.2,7.8,7800000.0
1949,Western,8.535178,7.1,3.375,5400000.0
1950,Action,1.726175,7.3,2.122700021359669,8000000.0
1950,Comedy,1.726175,7.3,2.122700021359669,8000000.0
1950,Music,1.726175,7.3,2.122700021359669,8000000.0
1950,Romance,1.726175,7.3,2.122700021359669,8000000.0
1950,Western,1.726175,7.3,2.122700021359669,8000000.0
1951,Drama,11.4289325,7.3,4.040404040404041,19000000.0
1951,History,7.973109,7.0,3.6363636363636362,30000000.0
1951,Music,1.606314,6.9,4.782608695652174,11000000.0
1951,Romance,4.7897115,6.95,4.209486166007905,20500000.0
1952,Action,8.988455,6.6,9.0,36000000.0
1952,Comedy,36.556954,7.8,2.8337531486146097,7200000.0
1952,Crime,0.225627,6.9,,0.0
1952,Drama,4.607041,6.75,9.0,18000000.0
1952,Music,36.556954,7.8,2.8337531486146097,7200000.0
1952,Romance,22.7727045,7.199999999999999,5.916876574307305,21600000.0
1952,Western,18.644023,7.6,10.95890410958904,8000000.0
1953,Adventure,2.043661,6.7,23.80952380952381,5000000.0
1953,Crime,9.903992,6.7,6.8,8500000.0
1953,Drama,6.949356000000001,6.766666666666667,11.35511209657551,25000000.0
1953,Horror,2.043661,6.7,23.80952380952381,5000000.0
1953,Romance,6.915201,7.2,18.484848484848484,30500000.0
1953,Science Fiction,2.043661,6.7,23.80952380952381,5000000.0
1953,Thriller,9.903992,6.7,6.8,8500000.0
1953,War,6.915201,7.2,18.484848484848484,30500000.0
1954,Action,39.756748,8.2,0.1359205,271841.0
1954,Adventure,9.358197,6.8,5.64,28200000.0
1954,Crime,16.015599,8.0,10.54945054945055,9600000.0
1954,Drama,17.30241375,7.25,4.831342762362637,13267960.25
1954,History,4.079111,6.0,3.0,15000000.0
1954,Science Fiction,9.358197,6.8,5.64,28200000.0
1955,Comedy,6.920873,6.9,5.833333333333333,7000000.0
1955,Drama,3.225189,7.8,,0.0
1955,Mystery,6.920873,6.9,5.833333333333333,7000000.0
1955,Thriller,6.920873,6.9,5.833333333333333,7000000.0
1956,Action,1.444258,5.5,9.0,9000000.0
1956,Adventure,5.224593,6.9,2.311111111111111,10400000.0
1956,Drama,2.6827349999999996,6.266666666666667,4.970370370370371,11266666.666666666
1956,Music,1.444258,5.5,9.0,9000000.0
1956,Romance,1.444258,5.5,9.0,9000000.0
1956,Western,1.444258,5.5,9.0,9000000.0
1957,Drama,41.1845815,7.949999999999999,6.978571428571429,17150000.0
1957,History,23.109959,7.7,11.1,33300000.0
1957,War,23.109959,7.7,11.1,33300000.0
1958,Drama,16.553594,7.6,5.8567746666666665,17570324.0
1958,Romance,16.553594,7.6,5.8567746666666665,17570324.0
1959,Comedy,39.30982,8.0,8.668972844615944,25000000.0
1959,Drama,2.058563,6.4,3.0485714285714285,12500000.0
1959,History,0.835617,5.4,2.44,12200000.0
1959,Romance,20.0727185,6.7,5.5544864223079715,18600000.0
1959,War,0.835617,5.4,2.44,12200000.0
1960,Comedy,22.889294,8.1,8.333333333333334,25000000.0
1960,Drama,40.897375,7.866666666666666,17.151863730170138,22466666.666666668
1960,Horror,93.067866,8.2,39.655591190510414,32000000.0
1960,Romance,22.889294,8.1,8.333333333333334,25000000.0
1960,Thriller,93.067866,8.2,39.655591190510414,32000000.0
1961,Action,2.930058,6.8,2.05,8200000.0
1961,Comedy,3.370225,7.3,1.7241379310344827,5000000.0
1961,Crime,23.431117,7.0,7.276137,43656822.0
1961,Drama,12.141883400000001,7.26,3.6367216528735633,14891364.4
1961,History,13.338539,7.6,3.3333333333333335,10000000.0
1961,Music,23.431117,7.0,7.276137,43656822.0
1961,Romance,2.930058,6.8,2.05,8200000.0
1962,Action,34.213257,7.050000000000001,33.87342105263158,54850000.0
1962,Adventure,45.093939,7.35,33.701600552631575,64797692.5
1962,Crime,22.139842,8.0,6.564923,13129846.0
1962,Drama,26.72831475,7.575,5.2165704999999996,35618807.75
1962,History,30.405654,7.5,4.8381795,60047692.5
1962,Horror,2.407048,4.4,0.0,0.0
1962,Romance,23.962109,7.3,4.625,9250000.0
1962,Science Fiction,2.407048,4.4,0.0,0.0
1962,Thriller,48.901542,6.9,62.73684210526316,59600000.0
1962,War,30.405654,7.5,4.8381795,60047692.5
1962,Western,11.735287,7.4,2.5,8000000.0
1963,Action,16.50299975,6.925,12.605149129380475,39724691.25
1963,Adventure,19.130722,6.76,17.765132875842433,38968647.2
1963,Comedy,6.43114,6.366666666666667,15.480054709737383,34733333.333333336
1963,Crime,14.562991,7.0,6.382978723404255,60000000.0
1963,Drama,14.61402925,7.075,2.451552667264347,25686117.75
1963,History,13.61502325,6.725,10.851552667264347,32586117.75
1963,Romance,5.991598,6.266666666666667,14.113014343582543,38400000.0
1963,Thriller,38.180095,7.35,21.192750125,45321618.0
1963,War,35.061467,7.8,2.93611775,11744471.0
1963,Western,6.82919,7.5,4.0,10000000.0
1964,Action,26.151378,7.2,25.562419296551724,65840531.0
1964,Adventure,47.812466,7.2,49.9524248,124881062.0
1964,Comedy,37.56278733333333,7.566666666666666,14.751247637566138,41337555.666666664
1964,Drama,12.104146,7.116666666666667,2.1812928226729773,15510167.166666666
1964,Family,40.3740695,7.4,10.642454632352942,87171729.0
1964,Fantasy,59.961523,7.4,17.0454545,102272727.0
1964,History,4.229942,6.0,0.25,4750000.0
1964,Music,15.758336,7.35,13.10157381092437,42185199.5
1964,Romance,10.949703999999999,7.25,2.119727382352941,36035365.5
1964,Thriller,26.151378,7.2,25.562419296551724,65840531.0
1964,War,23.2435365,7.6,3.208504674329502,8120136.0
1964,Western,38.771062,7.6,72.5,14500000.0
1965,Action,31.036,6.5,25.671937818181817,141195658.0
1965,Adventure,31.036,6.5,25.671937818181817,141195658.0
1965,Animation,8.701183,7.5,,0.0
1965,Comedy,8.701183,7.5,,0.0
1965,Drama,12.3473138,7.0,11.461697490105323,82709196.4
1965,Family,23.330736,7.45,34.904181219512196,143107143.0
1965,History,3.011205,6.5,0.77366665,15473333.0
1965,Music,37.960289,7.4,34.904181219512196,286214286.0
1965,Romance,25.407571,7.4,22.536561655210644,199036324.5
1965,TV Movie,8.701183,7.5,,0.0
1965,Thriller,19.413949000000002,7.05,12.835968909090909,70597829.0
1965,War,8.172534,6.800000000000001,5.086428019138756,55936618.0
1965,Western,3.490215,6.2,0.003913947368421052,14873.0
1966,Action,2.938973,6.2,3.4285714285714284,12000000.0
1966,Adventure,9.815394,6.1,0.0,0.0
1966,Comedy,9.358747999999999,6.1,0.0,0.0
1966,Crime,6.377183499999999,6.15,1.7142857142857142,6000000.0
1966,Drama,6.240330500000001,6.85,5.3489010989010985,20175000.0
1966,Family,9.815394,6.1,0.0,0.0
1966,History,9.541688,7.5,7.269230769230769,28350000.0
1966,Music,8.902102,6.1,,0.0
1966,Mystery,5.4319775,6.300000000000001,3.8809523809523805,12500000.0
1966,Science Fiction,9.815394,6.1,0.0,0.0
1966,Thriller,5.4319775,6.300000000000001,3.8809523809523805,12500000.0
1966,Western,88.377076,8.1,5.0,6000000.0
1967,Action,16.920157,6.8,6.51288352631579,57392393.5
1967,Adventure,28.675891,6.5,11.74576705263158,111584787.0
1967,Crime,6.4929305,7.25,2.4982215714285716,8103775.5
1967,Drama,6.4929305,7.25,2.4982215714285716,8103775.5
1967,History,1.296784,6.3,,0.0
1967,Horror,1.296784,6.3,,0.0
1967,Mystery,1.296784,6.3,,0.0
1967,Thriller,16.920157,6.8,6.51288352631579,57392393.5
1968,Adventure,86.201184,7.9,6.542857142857143,68700000.0
1968,Comedy,2.094151,6.2,,0.0
1968,Drama,9.18980125,6.825,5.011300494298245,17903242.25
1968,Family,5.2000745,6.6,3.7402877,18701438.5
1968,Horror,25.923198,7.5,136.79698268092105,31697713.0
1968,Music,8.305998,7.0,3.7402877,37402877.0
1968,Mystery,56.1907755,7.7,8.489463883928572,51047713.0
1968,Romance,0.178689,6.6,0.8575431578947369,814666.0
1968,Science Fiction,33.517210666666664,6.733333333333333,2.559392692843219,24004888.666666668
1968,Western,21.562845666666664,6.733333333333333,2.214255554333715,4913836.0
1969,Action,9.966982999999999,6.525,5.2317997871794875,29913317.75
1969,Adventure,20.130159499999998,7.05,6.356869892980856,41306567.0
1969,Comedy,3.265190333333333,5.666666666666667,91.36131296666667,26226259.333333332
1969,Crime,9.618046999999999,7.133333333333333,17.0514815,34102963.0
1969,Drama,9.222947571428572,6.8,7.01514258,29253245.714285713
1969,Foreign,0.700127,7.3,,0.0
1969,History,24.499996,7.4,17.0514815,102308889.0
1969,Music,4.305839499999999,6.35,2.04196945,25839389.0
1969,Mystery,5.975604,6.1,1.5,6000000.0
1969,Romance,2.1815805,6.6,2.5,10000000.0
1969,Thriller,10.655132,6.633333333333333,7.055730230769231,29324831.0
1969,Western,15.791061999999998,7.066666666666666,6.245899908141084,44875436.0
1970,Action,3.8615985,6.875,0.6566772279709293,9400072.75
1970,Adventure,11.756135333333333,6.6000000000000005,2.497559288601138,16182669.666666666
1970,Comedy,3.0716995,6.275,7.2893093423138495,17477917.5
1970,Documentary,3.409764,7.1,57.508516666666665,34505110.0
1970,Drama,6.632637375,6.6125,4.212512787618761,23688995.125
1970,History,7.686260999999999,6.840000000000001,13.294673706494015,31821080.2
1970,Music,2.1133235,6.0,57.508516666666665,17252555.0
1970,Mystery,24.393296,6.2,6.333239333333333,18999718.0
1970,Romance,0.816883,4.9,,0.0
1970,Science Fiction,24.393296,6.2,6.333239333333333,18999718.0
1970,Thriller,2.552943,5.75,19.138755980861244,20000000.0
1970,War,12.078061333333332,6.966666666666666,3.342251177490027,48086653.666666664
1970,Western,2.676535,6.9,1.3451903794136368,5000000.0
1971,Action,17.26370125,6.15,36.31317435416666,46181802.25
1971,Adventure,34.634181,6.3,16.113825972222223,116019547.0
1971,Comedy,5.941852,6.7,5.916848,11833696.0
1971,Crime,8.0260705,7.35,22.86597611111111,20579378.5
1971,Drama,2.594889333333333,6.0,36.86312333333333,32834776.666666668
1971,Family,23.981601,7.4,1.3333333333333333,4000000.0
1971,Fantasy,23.981601,7.4,1.3333333333333333,4000000.0
1971,Horror,0.074005,7.3,,0.0
1971,Romance,2.594889333333333,6.0,36.86312333333333,32834776.666666668
1971,Science Fiction,15.4172815,6.65,3.4218243076923076,12362734.0
1971,Thriller,21.045756666666666,6.8999999999999995,13.62796289957265,56518289.0
1972,Action,18.828683,6.1,5.705882352941177,9700000.0
1972,Adventure,17.6138425,7.0,0.0,0.0
1972,Comedy,6.5281086666666654,6.633333333333333,254.5040725,8005430.0
1972,Crime,52.81109466666666,7.233333333333333,181.4814672777778,87888803.66666667
1972,Drama,33.710458499999994,7.3999999999999995,14.814800611111112,42944401.833333336
1972,History,1.807571,7.1,,0.0
1972,Horror,4.553644,6.2,500.0,6000000.0
1972,Music,1.807571,7.1,,0.0
1972,Mystery,17.1761065,7.4,3.6,6300000.0
1972,Science Fiction,18.018789333333334,6.7,2.8529411764705883,3233333.3333333335
1972,Thriller,10.219942,7.1,3.6,12600000.0
1973,Action,21.8902605,5.95,14.156911184873948,85311215.5
1973,Adventure,30.465138,6.4,23.111119428571428,161777836.0
1973,Comedy,19.49707666666667,7.266666666666667,72.79123168127218,105987018.66666667
1973,Crime,22.751504500000003,7.550000000000001,17.510575181818183,81308163.5
1973,Drama,28.10344175,7.375,67.59114966720414,185980618.0
1973,Horror,47.584643,7.5,55.163268125,441306145.0
1973,Romance,10.664202,7.0,9.1723645,18344729.0
1973,Science Fiction,11.9897925,6.25,7.1875337205882355,13594662.0
1973,Thriller,39.0248905,6.95,39.137193776785715,301541990.5
1973,Western,11.8112475,7.300000000000001,2.612928533978926,13350000.0
1974,Action,30.214716,6.3,13.938857142857144,97572000.0
1974,Adventure,16.433067,6.199999999999999,13.938857142857144,48786000.0
1974,Comedy,21.11893033333333,7.266666666666667,25.5911477014652,68591111.0
1974,Crime,63.301614,7.9,3.209820807692308,25981420.5
1974,Drama,43.573732,7.566666666666667,2.1398805384615387,17320947.0
1974,Family,2.651418,6.1,,0.0
1974,Horror,29.262427,7.2,363.0470588235294,30859000.0
1974,Mystery,20.810292,7.5,2.7625,4420000.0
1974,Romance,3.3846930000000004,6.5,0.0,0.0
1974,Science Fiction,36.444894,7.7,30.811904642857144,86273333.0
1974,Thriller,30.214716,6.3,13.938857142857144,97572000.0
1974,Western,22.793929,7.2,45.96153846153846,119500000.0
1975,Action,6.473667,5.9,26.666666666666668,8000000.0
1975,Adventure,57.4676555,7.65,39.90432785714286,237841474.0
1975,Comedy,25.909139,6.8,15.86856868888889,18287431.666666668
1975,Drama,78.534456,7.949999999999999,19.072636742424244,64490637.5
1975,Fantasy,64.782984,7.8,12.57237,5028948.0
1975,Horror,50.152327,7.5,67.23628571428571,470654000.0
1975,Romance,29.543331,7.7,1.8181818181818181,20000000.0
1975,Science Fiction,6.473667,5.9,26.666666666666668,8000000.0
1975,Thriller,50.152327,7.5,67.23628571428571,470654000.0
1975,War,29.543331,7.7,1.8181818181818181,20000000.0
1976,Action,7.7340235,6.6,2.7777777777777777,12500000.0
1976,Adventure,7.7340235,6.6,2.7777777777777777,12500000.0
1976,Comedy,6.012808666666667,6.766666666666667,2.4796184571428572,14407764.0
1976,Crime,31.3389415,7.35,12.84522076923077,18081287.0
1976,Drama,37.8694385,7.45,48.40325556545209,42296899.5
1976,Family,6.889633,6.9,1.0092369142857143,35323292.0
1976,Horror,25.939385,7.2,21.75820714285714,60922980.0
1976,Romance,7.7340235,6.6,2.7777777777777777,12500000.0
1976,Science Fiction,12.268143,6.6,2.7777777777777777,25000000.0
1976,Thriller,14.886121500000002,6.95,12.85410357142857,34411490.0
1977,Action,29.965965166666667,6.616666666666667,16.95894862620321,163592780.0
1977,Adventure,33.740114399999996,6.659999999999999,21.198685782754012,196311336.0
1977,Comedy,17.481273333333334,6.8999999999999995,6.2330146323529405,23104821.0
1977,Drama,19.235477625,6.8,145.41182123636364,49973757.5
1977,Fantasy,15.9714705,6.0,351.0981836428571,18874571.0
1977,History,20.256571,6.9,2.3068181818181817,50750000.0
1977,Horror,11.493324333333334,5.8999999999999995,245.39878909523807,18249714.0
1977,Music,4.7834305,6.3,9.136187647058824,15531519.0
1977,Romance,19.884138,6.949999999999999,9.56285625,19125712.5
1977,Science Fiction,35.84954833333333,6.6499999999999995,136.69885013926026,185317773.66666666
1977,Thriller,14.72506525,6.225,3.996860332792208,57046953.75
1977,War,12.043254000000001,6.550000000000001,2.3068181818181817,25375000.0
1978,Action,11.572822200000001,5.9,2.634836472727273,61489605.8
1978,Adventure,14.310461,6.25,2.593851097727273,82124267.75
1978,Comedy,17.332585,7.0,52.22222222222222,141000000.0
1978,Documentary,3.277287,7.9,inf,321952.0
1978,Drama,8.5934022,6.840000000000001,2.166666666666667,10000002.2
1978,Family,2.753313,5.9,0.877043875,21049053.0
1978,Fantasy,25.630197,6.4,3.167776646590909,160633535.5
1978,Horror,13.813234,5.975,121.36376684166667,64471001.75
1978,Music,3.0153,6.9,inf,10685502.5
1978,Romance,27.366079666666668,6.866666666666667,30.302295,60604590.0
1978,Science Fiction,17.940888666666666,5.833333333333333,5.458509418181818,100072672.66666667
1978,Thriller,12.1202764,6.0600000000000005,81.39117789444445,53022801.4
1978,War,12.567419,7.1,2.389666666666667,28615000.0
1979,Action,25.45009457142857,6.014285714285714,53.68483778483576,68976791.85714285
1979,Adventure,18.620837714285717,6.485714285714286,inf,85658091.85714285
1979,Comedy,10.336271,6.3,inf,54206371.0
1979,Crime,19.3956925,6.9,2.6875,21500000.0
1979,Drama,16.821053333333335,6.8,inf,33243117.5
1979,Family,10.088317666666667,6.7,inf,50099514.666666664
1979,Horror,51.400624,6.65,7.0196273181818185,79465900.5
1979,Music,6.080178,7.05,inf,33499162.0
1979,Mystery,24.616634,6.2,3.9714285714285715,139000000.0
1979,Romance,7.000949,6.8,3.154016,29174648.0
1979,Science Fiction,28.764306142857144,6.171428571428572,45.998051763553605,92011685.85714285
1979,Thriller,34.457258,6.42,66.43119673997326,83047980.0
1979,War,49.973462,8.0,2.8400120952380954,89460381.0
1980,Action,32.151586800000004,6.76,9.446271807449495,169514585.4
1980,Adventure,43.87279633333333,6.833333333333333,15.505530728395064,262570604.0
1980,Comedy,21.277434166666666,5.8999999999999995,8.909311194324195,40565795.5
1980,Crime,44.714264,7.5,4.267773703703703,115229890.0
1980,Drama,13.152623,6.811111111111112,3.445208626479076,19836787.555555556
1980,Fantasy,18.2245955,6.85,1.763506537037037,95229353.0
1980,History,12.870245666666667,6.966666666666666,2.2869603469696966,15096794.666666666
1980,Horror,34.80912,7.1000000000000005,9.534201118758435,32431578.333333332
1980,Music,18.371744666666668,6.533333333333334,4.373313085185185,60804225.666666664
1980,Mystery,11.208769,6.8,4.907538461538461,31899000.0
1980,Romance,14.2597,6.5,6.539234,29426553.0
1980,Science Fiction,25.8903342,6.26,7.019436556517556,152166333.2
1980,Thriller,30.513101000000002,6.699999999999999,3.6121211781376514,25305458.0
1980,Western,4.1698355000000005,6.5,0.8293541204545455,9639760.0
1981,Action,23.914283666666662,6.677777777777778,7.562076515696649,94803918.22222222
1981,Adventure,19.4225092,6.5,6.711189706888681,79785090.8
1981,Animation,12.928269,6.2,0.0,0.0
1981,Comedy,8.237369125,5.7875,8.607480021969698,36189866.875
1981,Crime,5.080758,6.533333333333334,1.9905359,6635119.666666667
1981,Drama,8.6830202,6.83,5.178297811490536,27480201.4
1981,Family,7.6487964999999996,5.199999999999999,4.3442929,22260138.5
1981,Fantasy,9.0189795,6.55,4.628502905555555,28237797.0
1981,History,9.0042824,7.140000000000001,3.633755265051525,37911112.6
1981,Horror,13.512515599999997,6.26,39.788037933333335,13821733.8
1981,Mystery,6.969557,6.65,0.3490320476190476,6219782.0
1981,Romance,6.7788315,5.05,0.12637134814814815,1275074.0
1981,Science Fiction,22.29411825,6.75,7.286912216666667,29302778.25
1981,Thriller,12.90749,6.4625,5.92155385262105,34497666.625
1981,War,9.993085333333333,7.266666666666667,2.0614906832298137,30066666.666666668
1981,Western,11.725805,3.7,0.16364444444444445,2945600.0
1982,Action,17.849467,6.1375,inf,50816285.5
1982,Adventure,30.537416166666663,6.233333333333333,19.962452674761902,194120814.5
1982,Comedy,10.958303333333333,6.333333333333333,4.769701238988095,49170545.333333336
1982,Crime,3.353319,5.6,0.0,0.0
1982,Drama,19.89971925,6.7,2.798673721103896,23189272.5
1982,Family,29.8811445,7.05,40.70899157142857,406784988.5
1982,Fantasy,22.7292274,6.5200000000000005,inf,181421984.4
1982,History,35.227212,7.4,3.533540409090909,77737889.0
1982,Horror,17.625863499999998,6.125,5.04838708988837,26743572.75
1982,Mystery,32.380917499999995,6.4,3.5343253333333333,17014880.0
1982,Romance,12.237529,6.85,7.170393761904762,98929711.5
1982,Science Fiction,30.99674025,6.1125,15.960206773809524,128445909.5
1982,Thriller,30.544301714285712,6.542857142857143,5.116223800396825,51789990.428571425
1982,War,63.071046,7.2,8.347526933333333,125212904.0
1982,Western,3.656491,6.8,5.902692285714286,20659423.0
1983,Action,29.450174428571426,6.357142857142857,5.2292150541376445,155812487.85714287
1983,Adventure,21.531548714285716,6.057142857142857,5.935982520938363,153424233.7142857
1983,Comedy,19.340721199999997,6.279999999999999,inf,49638092.2
1983,Crime,30.67134,6.8,2.8172261400000003,37271659.333333336
1983,Drama,14.514452,6.11,4.744587587453704,28608710.0
1983,Family,15.128316,7.4,inf,19294144.0
1983,Fantasy,14.990685999999998,5.766666666666667,1.8339371822412156,40607001.0
1983,History,17.567332,7.3,0.7962962962962963,21500000.0
1983,Horror,15.935786666666665,6.733333333333333,1.7926700174731183,17445991.333333332
1983,Music,10.905785999999999,6.15,12.881817041666668,61660601.5
1983,Mystery,18.119265,7.1,0.35625655241935483,2120439.0
1983,Romance,10.7321348,6.18,8.0758657875,39390676.6
1983,Science Fiction,23.273731166666664,6.733333333333333,5.276130418928569,130076044.16666667
1983,Thriller,22.55306275,6.275,3.4996165499116163,69425316.625
1983,Western,4.522743500000001,2.75,2.4465256,6116314.0
1984,Action,22.973937250000002,6.308333333333334,6.112972582323232,84625487.25
1984,Adventure,26.853872857142857,6.385714285714286,3.91872879218065,86292929.14285715
1984,Comedy,15.526252777777778,6.199999999999999,9.748515241073232,77060240.33333333
1984,Crime,20.6087555,6.866666666666667,9.40665272266922,83265005.83333333
1984,Drama,22.1697571,6.8,3.0075092465360402,32179280.0
1984,Family,36.448077999999995,6.7,5.25351869828365,50097105.0
1984,Fantasy,24.741365000000002,6.116666666666667,5.052717063406285,60986960.666666664
1984,History,16.270544,7.066666666666666,2.210128535,29258048.0
1984,Horror,18.474633428571426,6.271428571428571,7.586607128567728,34409014.14285714
1984,Music,21.81721333333333,6.933333333333334,4.364950763947295,52645717.333333336
1984,Mystery,9.525626,6.4,0.880194,8801940.0
1984,Romance,18.453319333333333,6.366666666666667,6.311709513947295,58595152.333333336
1984,Science Fiction,18.217147625,6.15,3.192348662380952,25973467.5
1984,Thriller,21.080576714285712,6.428571428571429,6.064750500470957,37844383.428571425
1985,Action,18.3127697,6.14,2.6401542738706976,57965218.7
1985,Adventure,25.9316999,6.42,4.499157953115207,98994109.1
1985,Comedy,28.2573014,7.159999999999999,5.808744129449204,84710518.2
1985,Crime,12.832674333333332,6.933333333333334,1.9085275833333333,22902331.0
1985,Drama,10.546187100000001,7.1,3.3760704499360954,38534839.6
1985,Family,24.836879500000002,7.4,6.834640188771931,98061890.75
1985,Fantasy,11.23907975,6.175,0.4388259569273743,9129608.5
1985,Horror,15.8834304,6.24,6.648329039826839,20033326.2
1985,Music,0.720091,7.0,0.0,0.0
1985,Mystery,8.321586,6.7,0.0,0.0
1985,Romance,10.087526666666667,6.883333333333333,inf,25327958.333333332
1985,Science Fiction,30.800625333333333,6.216666666666666,6.543383694454748,75223330.16666667
1985,Thriller,17.989096555555555,6.144444444444444,4.1934373267045455,66817384.666666664
1985,War,38.653969,6.3,6.827282545454546,300400432.0
1985,Western,12.7780165,7.05,inf,20705284.0
1986,Action,37.307614,6.757142857142857,8.86912795102817,111270794.28571428
1986,Adventure,16.895213428571427,5.771428571428571,10.740547918095237,79703063.57142857
1986,Comedy,13.888008,6.0625,12.358070366856856,67139431.875
1986,Crime,18.892239500000002,6.55,2.6107410154320987,13946853.5
1986,Drama,18.455137444444446,6.444444444444445,4.513631332951478,32358969.333333332
1986,Fantasy,20.667105,6.225,1.0334544102852854,24061403.75
1986,Horror,18.052657285714286,6.214285714285714,3.4922579451593436,36151825.571428575
1986,Music,12.113235,6.6,1.5499358,38748395.0
1986,Mystery,9.6745275,5.75,3.2453428333333334,9736028.5
1986,Romance,18.029293833333334,6.033333333333334,6.945070114433552,68074894.0
1986,Science Fiction,23.200876599999997,6.220000000000001,3.6360073398898898,72532778.4
1986,Thriller,28.779513333333337,6.3999999999999995,8.199841617117118,67596170.66666667
1986,War,54.351780500000004,7.1,23.43856711666667,247680583.0
1987,Action,19.362578375,5.75,4.674003421529841,82647970.875
1987,Adventure,18.186696666666666,5.511111111111111,2.2597355009650766,45092828.11111111
1987,Animation,6.86302,6.7,0.0,0.0
1987,Comedy,17.338180538461536,6.300000000000001,3.510890198914874,42060422.692307696
1987,Crime,29.485311999999997,6.8999999999999995,6.9907581866666675,140027853.0
1987,Drama,15.146432818181818,6.745454545454546,6.946750473836597,60216930.18181818
1987,Family,16.95905575,5.975,0.9643066875,7714453.5
1987,Fantasy,18.5614326,6.159999999999999,1.191301125,7356171.6
1987,History,29.7309585,7.5,2.4815879930434783,60127342.0
1987,Horror,18.710588,6.75,5.705263151336898,18817143.333333332
1987,Music,6.855059499999999,6.75,4.170416615384616,27107708.0
1987,Romance,24.276276999999997,7.099999999999999,12.3980814375,117001169.0
1987,Science Fiction,34.27345525,6.125,2.4210066889402357,48444284.0
1987,Thriller,22.863989,6.357142857142857,7.894981024472624,111787403.85714285
1987,War,18.362333,7.1,9.53249,123922370.0
1988,Action,23.741380999999997,6.385714285714286,3.987519206000349,60980726.28571428
1988,Adventure,17.438863166666668,6.1499999999999995,inf,102746648.66666667
1988,Animation,34.004145,7.4,3.467940911077236,42507008.5
1988,Comedy,17.2691886,6.14,inf,81406861.9
1988,Crime,9.19968225,6.35,1.9719168531135534,25937982.25
1988,Drama,13.484341083333334,6.408333333333334,inf,61387331.166666664
1988,Family,24.693108000000002,6.95,7.646389223577236,118064810.0
1988,Fantasy,33.629851,6.8999999999999995,inf,95107813.33333333
1988,Horror,13.134415777777779,6.022222222222222,4.120976462774725,20936213.888888888
1988,Romance,13.858861333333332,6.6000000000000005,5.4512615,62113164.666666664
1988,Science Fiction,20.912478999999998,6.625,1.61042384375,8674737.5
1988,Thriller,19.60673518181818,6.127272727272728,4.099548649584859,47109953.81818182
1988,War,31.294717,5.7,3.000247793650794,189015611.0
1988,Western,9.499325,6.6,3.440511076923077,44726644.0
1989,Action,22.807910454545453,6.4,inf,122010998.81818181
1989,Adventure,26.5555811,6.37,inf,122731486.2
1989,Comedy,14.454449416666668,6.358333333333333,4.326897900378787,60358970.25
1989,Crime,10.865399333333334,6.166666666666667,2.455168080701754,52257241.666666664
1989,Documentary,3.284903,7.4,41.9148,6706368.0
1989,Drama,18.12247109090909,6.881818181818182,6.153934818377208,76465734.63636364
1989,Family,23.400135000000002,6.5,8.3,166000000.0
1989,Fantasy,26.9960655,6.4,5.8764132,205674462.0
1989,History,3.9629545,7.4,20.9574,3353184.0
1989,Horror,10.999082833333333,5.5,2.579368126304348,17546680.0
1989,Mystery,11.47316,6.7,5.835763842105263,110879513.0
1989,Romance,9.918507,6.966666666666666,1.9338238749999999,30941182.0
1989,Science Fiction,24.046359799999998,6.540000000000001,inf,106713485.4
1989,Thriller,15.467599625,5.825,2.4923132724330355,55014995.75
1989,War,15.564184666666664,7.166666666666667,4.3301953359788365,62610021.0
1990,Action,28.69795675,6.5,3.2515639398467795,116300431.0
1990,Adventure,27.127558875000002,6.675,6.815817466527591,173864226.375
1990,Comedy,15.028454363636364,6.327272727272727,8.942418479407856,147308365.54545453
1990,Crime,33.37920325,6.85,1.7575428512912303,76941142.75
1990,Drama,31.428948000000002,6.92,6.224922666584937,127921776.7
1990,Family,12.5615145,6.25,12.572954173148148,184145457.75
1990,Fantasy,41.15566833333333,6.866666666666667,8.81139653151515,199827402.33333334
1990,Horror,18.782503714285717,5.3,2.0129486126821567,34359322.428571425
1990,Mystery,22.3877165,6.550000000000001,11.685674655844155,262711694.5
1990,Romance,29.878995600000003,6.840000000000001,15.072833331493506,207430718.6
1990,Science Fiction,28.507060000000003,6.220000000000001,3.8507274198351653,127964932.0
1990,Thriller,30.667557666666667,6.455555555555556,4.686361949418369,147085428.2222222
1990,Western,28.534416,7.05,19.282220363636362,212104424.0
1991,Action,18.82297181818182,5.927272727272728,1.7418437023157882,71599415.0
1991,Adventure,15.3437587,5.89,2.4769300987820824,92193715.0
1991,Comedy,18.253193,5.972727272727273,2.529071904976706,68297569.45454545
1991,Crime,17.505787,6.683333333333334,6.8393345586521495,104930019.83333333
1991,Drama,12.699380923076923,6.446153846153846,3.1857011693408563,58035092.538461536
1991,Family,18.9151228,6.36,2.4757879392857145,82729596.6
1991,Fantasy,20.91403,5.95,3.6087425809523808,123306643.5
1991,History,26.82041,7.5,5.13513745,205405498.0
1991,Horror,27.017889,5.9,4.776799509090909,113187229.5
1991,Music,10.794175,6.7,0.9057077105263158,34416893.0
1991,Romance,6.3173195,5.7,0.6870448553030304,19398863.25
1991,Science Fiction,29.2526856,6.14,3.0134440972222225,139153865.0
1991,Thriller,22.69943990909091,6.418181818181818,3.927221459874282,122912132.0909091
1992,Action,28.107496555555556,6.300000000000001,5.445111734042809,159427702.33333334
1992,Adventure,51.0880626,6.6,9.805150311269841,252055856.6
1992,Animation,92.982009,7.4,18.001793535714285,504050219.0
1992,Comedy,31.189029583333333,6.575,inf,149127717.83333334
1992,Crime,24.152614090909093,6.490909090909091,6.921553905011495,89629178.0909091
1992,Drama,17.254863923076922,6.753846153846154,inf,91415930.15384616
1992,Family,49.622128000000004,6.825,inf,235268936.0
1992,Fantasy,39.61012233333333,6.75,inf,162452068.16666666
1992,History,21.175441000000003,6.8,1.1014694666666667,41225254.666666664
1992,Horror,24.529778333333336,6.266666666666667,2.602321444047619,74151216.5
1992,Music,24.1957535,6.3,11.262567875,266352031.5
1992,Mystery,13.939054,7.5,0.85801824,10725228.0
1992,Romance,31.93077142857143,6.7,inf,195005858.42857143
1992,Science Fiction,15.353936,5.74,1.6642400128571428,42594344.8
1992,Thriller,20.367082500000002,6.3,7.582785466234867,106605093.1
1992,War,37.776566,7.1,1.8876464,75505856.0
1992,Western,37.380435,7.7,11.368389071428572,159157447.0
1993,Action,15.888774529411766,6.247058823529412,1.9435988800767792,56371727.941176474
1993,Adventure,20.183106384615385,6.076923076923077,2.9747219659516646,142434203.69230768
1993,Animation,2.439184,6.8,0.023902714285714284,669276.0
1993,Comedy,18.234814785714285,6.264285714285714,3.755805237226482,65548838.928571425
1993,Crime,18.251399375,6.4875,2.8408893699990587,77339515.375
1993,Drama,19.008236807692306,6.911538461538461,inf,72857335.8076923
1993,Family,13.880625125,5.9,2.906148011400975,85475516.5
1993,Fantasy,15.3083921,5.79,1.9708833263553127,32936297.5
1993,History,46.84541033333334,7.433333333333334,inf,134290210.66666666
1993,Horror,6.984021666666666,5.1000000000000005,2.6698959166666665,5330757.333333333
1993,Music,3.9947695000000003,6.25,0.11157863157894737,1059997.0
1993,Mystery,32.181362,6.7,6.385771687301587,278130727.6666667
1993,Romance,17.365298272727273,6.945454545454546,2.8592325205022853,28541209.545454547
1993,Science Fiction,12.469809428571427,5.985714285714286,3.4283918965367968,139074241.85714287
1993,Thriller,19.087314833333334,6.1499999999999995,2.8448776785328653,97394722.91666667
1993,War,54.999193000000005,7.45,inf,173182783.5
1993,Western,30.537845,7.4,2.2602026,56505065.0
1994,Action,16.28512819047619,5.828571428571429,3.0404047317295095,88325681.14285715
1994,Adventure,17.62505511111111,5.833333333333333,3.163252754010025,88394506.55555555
1994,Animation,90.457886,8.0,17.516483911111113,788241776.0
1994,Comedy,22.68862273076923,6.261538461538462,inf,94748666.03846154
1994,Crime,40.14524369230769,6.338461538461539,inf,121943046.46153846
1994,Documentary,9.188431,7.7,11.186587142857142,7830611.0
1994,Drama,29.343458849999998,6.7700000000000005,inf,135620626.95
1994,Family,29.002060833333335,5.833333333333333,6.781093671392183,222729641.0
1994,Fantasy,25.39743188888889,6.055555555555555,5.356045112571486,120338969.22222222
1994,History,24.548633,7.3,0.32708094444444447,5887457.0
1994,Horror,23.688239999999997,6.666666666666667,1.8738302123321124,83191825.66666667
1994,Mystery,18.8474818,6.32,3.736209244408369,91387575.4
1994,Romance,41.22334,6.533333333333333,inf,212625435.8888889
1994,Science Fiction,11.0574555,5.45,2.5651262343529764,76627504.0
1994,Thriller,21.287937444444445,6.055555555555555,4.308978733170151,102707565.44444445
1994,War,15.73484,6.550000000000001,2.981468766666667,92485603.5
1994,Western,13.859307,6.5,0.39765079365079364,25052000.0
1995,Action,24.079773799999998,5.992000000000001,2.6265207852165156,117818829.68
1995,Adventure,24.67104590909091,6.090909090909091,2.59816073482053,140128854.63636363
1995,Animation,60.743016999999995,7.2,9.372080304545456,359816903.0
1995,Comedy,16.600027260869567,6.273913043478261,inf,72189280.6521739
1995,Crime,24.68167885,6.3,3.2194698146238308,78110123.85
1995,Drama,18.22634781081081,6.564864864864865,inf,75332434.7027027
1995,Family,32.25897066666666,6.533333333333334,inf,227994480.16666666
1995,Fantasy,20.285497625,5.8875,3.451310838611111,128267149.125
1995,History,23.978334333333333,6.766666666666667,1.1450880037373736,78021390.66666667
1995,Horror,10.547428833333333,5.583333333333333,2.33537452,26715125.5
1995,Music,6.775294,6.9,inf,106269971.0
1995,Mystery,30.43573225,5.975,4.546139816363636,149953383.75
1995,Romance,10.664002882352941,6.31764705882353,inf,40459678.0
1995,Science Fiction,15.649787800000002,5.54,2.208214621142857,96673651.8
1995,Thriller,23.588618208333333,6.270833333333333,3.172254541952837,92401822.625
1995,War,22.902295,7.1000000000000005,1.6726190476190474,75000000.0
1995,Western,16.473355,6.3,0.579764375,18552460.0
1996,Action,23.799919454545453,5.904545454545455,2.5475202535672263,163335627.0
1996,Adventure,26.11460957142857,5.8999999999999995,3.0367862777656285,206572311.5
1996,Animation,25.54461075,6.2,1.3762961699999998,87584712.75
1996,Comedy,10.579300108108107,6.054054054054054,inf,35915236.5945946
1996,Crime,17.53512305882353,6.305882352941176,2.260418717359926,46835391.23529412
1996,Drama,12.527753298245615,6.249122807017543,inf,58360574.89473684
1996,Family,16.2470465,5.7125,1.179881349913827,62531407.5
1996,Fantasy,20.1275258,5.74,1.8472931867411586,82204136.4
1996,History,5.67615925,6.1,1.6502612345118959,37041867.25
1996,Horror,26.14001466666667,6.0,3.3751363127112994,47609987.666666664
1996,Music,7.28401725,6.45,0.854831387878788,35261794.75
1996,Mystery,18.2767475,6.316666666666666,3.557495108667854,106259364.33333333
1996,Romance,11.303224142857143,6.133333333333334,3.6745027259259566,50619943.28571428
1996,Science Fiction,25.786902333333334,5.822222222222222,2.8920148240850008,166806721.1111111
1996,Thriller,15.87836625,5.947222222222222,1.6239608586475978,81797100.16666667
1996,War,21.1765,6.6,5.3921729613526574,166418621.5
1997,Action,23.004282324324326,5.7,inf,105335841.45945945
1997,Adventure,27.12660956521739,5.92608695652174,inf,123897874.13043478
1997,Animation,36.799033333333334,7.566666666666666,2.921145953026729,100915431.0
1997,Comedy,12.653713315789473,6.228947368421053,inf,58550676.60526316
1997,Crime,17.585873333333335,6.3875,1.9670482657953783,65348404.5
1997,Documentary,2.77754,6.3,,0.0
1997,Drama,14.089819641509434,6.5509433962264145,inf,73580071.43396227
1997,Family,12.788881666666667,6.033333333333333,2.248357666541021,39304196.222222224
1997,Fantasy,27.6829452,5.5200000000000005,2.1176518649001363,90906456.9
1997,Foreign,0.472794,7.300000000000001,0.0,0.0
1997,History,6.879961000000001,7.166666666666667,1.311174147089947,68485894.0
1997,Horror,22.914585,6.0200000000000005,3.076515370213401,89834875.4
1997,Music,5.4939405,5.9,2.0557287031250002,51783318.5
1997,Mystery,25.578604444444444,6.705555555555556,2.3146744894065745,69352874.66666667
1997,Romance,17.77835976190476,6.176190476190476,inf,127894503.8095238
1997,Science Fiction,35.87862647368421,5.721052631578948,1.9965088056828735,122459567.5263158
1997,Thriller,25.923846219512193,6.134146341463414,inf,131510481.04878049
1998,Action,20.707167639999998,6.1160000000000005,1.5521792207584995,92268792.24
1998,Adventure,28.05333923809524,6.190476190476191,1.67513248977734,134506199.47619048
1998,Animation,31.555845,6.425,2.212536823759921,150147087.0
1998,Comedy,13.600678360655738,6.1819672131147545,inf,54730445.55737705
1998,Crime,16.267712,6.484999999999999,1.6223220884517597,46852044.4
1998,Drama,14.406193263157894,6.536842105263158,inf,43820239.14473684
1998,Family,22.947196714285717,6.057142857142857,inf,122838813.42857143
1998,Fantasy,16.772471384615386,6.061538461538461,2.142506930024471,74941318.92307693
1998,Foreign,0.425551,6.8,,0.0
1998,History,40.521738,7.25,5.770389344349817,237858977.5
1998,Horror,16.489936,5.577777777777778,1.8549614870726496,40375422.44444445
1998,Music,14.616788,6.625,inf,61479886.75
1998,Mystery,21.414024666666666,6.3999999999999995,5.851166149819338,57288959.833333336
1998,Romance,12.034822064516128,6.206451612903226,3.506809161339934,66599774.19354839
1998,Science Fiction,19.18289930769231,5.93076923076923,1.4264469159250242,90448173.61538461
1998,Thriller,17.25231432,6.14,4.0539593835356715,72415961.44
1998,War,32.3165995,7.05,2.9882431080219782,148633839.25
1999,Action,21.72089908,5.892,1.973067116184482,117092749.72
1999,Adventure,26.587648692307692,6.161538461538461,2.962271365000893,165498411.07692307
1999,Animation,34.818326166666665,6.7,1.8499469556934003,151922685.16666666
1999,Comedy,11.646918083333333,5.960714285714285,inf,47881349.940476194
1999,Crime,19.179896291666665,6.3,2.5413130703288913,81988687.20833333
1999,Documentary,2.778633,7.8,0.24346918264473755,500000.0
1999,Drama,14.347526978021978,6.3890109890109885,inf,48586483.17582417
1999,Family,17.954596933333335,5.7266666666666675,1.6702168788699607,74293683.26666667
1999,Fantasy,29.741295363636365,6.327272727272727,1.691670175647165,97485544.72727273
1999,Foreign,0.6366503333333333,6.166666666666667,,0.0
1999,History,9.4234632,6.840000000000001,0.558135975,13395263.4
1999,Horror,13.937658466666669,5.733333333333333,inf,54378680.53333333
1999,Music,14.01439925,6.875,0.5949063493589745,23772921.25
1999,Mystery,20.899307200000003,6.24,208.84626175035913,117977758.25
1999,Romance,10.739972,6.095238095238095,inf,46124298.452380955
1999,Science Fiction,24.52265425,5.8,2.5096991648449283,122889138.55
1999,Thriller,15.548756153846153,6.066666666666666,inf,64908782.84615385
1999,War,9.613131666666666,6.2,0.9610384175438597,29537658.666666668
1999,Western,14.085009249999999,6.975,0.44107039205366355,55684944.25
2000,Action,17.652702775,5.8975,2.2545494784851012,95390589.075
2000,Adventure,25.890320250000002,6.1625000000000005,2.911236191274245,144510337.70833334
2000,Animation,18.108651636363636,6.009090909090909,2.045245621988046,91881673.27272727
2000,Comedy,13.212915542857143,5.832857142857143,2.2371525187508143,59515956.342857145
2000,Crime,17.15537144827586,6.258620689655173,2.2342489224739466,61929058.96551724
2000,Documentary,1.830306,7.5,inf,21268532.0
2000,Drama,12.875601234567903,6.271604938271605,inf,49967784.39506173
2000,Family,15.276444549999999,5.755,1.6366821514646406,84108792.15
2000,Fantasy,21.049746,5.836363636363637,1.3022944818331668,83779504.81818181
2000,Foreign,0.7685403333333333,6.566666666666666,0.623791,207930.33333333334
2000,History,23.657284,6.8,1.957221290909091,215294342.0
2000,Horror,11.715386615384615,5.446153846153846,1.6823939878707257,44845736.07692308
2000,Music,14.041667571428572,6.757142857142857,5.688740428263889,37391826.85714286
2000,Mystery,15.474977625000001,5.7875,1.8905488262698416,47194716.875
2000,Romance,10.965592102564102,5.841025641025642,1.6872948616080572,44549628.307692304
2000,Science Fiction,14.343911277777778,5.538888888888889,1.3619543485519026,79008191.8888889
2000,Thriller,17.2790140625,6.060416666666666,2.0105618939641694,69687082.77083333
2000,War,16.548545999999998,5.3,1.5009068843597264,121453585.66666667
2000,Western,11.973963333333332,5.866666666666667,0.5175664090909091,18977435.0
2001,Action,17.98681637735849,5.824528301886792,inf,94078070.43396227
2001,Adventure,31.86262111111111,5.97037037037037,3.438406838367164,189806780.5185185
2001,Animation,45.309880444444445,6.455555555555556,4.600520253404975,193082181.55555555
2001,Comedy,14.105718847058824,5.828235294117647,inf,53240652.09411765
2001,Crime,16.034395617647057,6.294117647058823,inf,68127498.94117647
2001,Documentary,2.3660723333333333,6.566666666666666,3.7385054027961973,7430360.0
2001,Drama,13.302123413333334,6.330666666666667,inf,37781720.04
2001,Family,35.32465664705882,6.152941176470588,4.693900780375111,195263158.4117647
2001,Fantasy,43.0172974375,6.0875,4.8741624148178655,230064979.1875
2001,Foreign,0.3442066666666667,5.533333333333334,,0.0
2001,History,18.0799694,6.1,1.5450691437016455,136869298.2
2001,Horror,13.155543727272727,5.618181818181818,1.7237969155122654,15010227.363636363
2001,Music,15.4957045,6.333333333333333,2.678659267649894,47873935.333333336
2001,Mystery,16.84118152631579,6.3999999999999995,1.7770059865856542,38044915.0
2001,Romance,15.527315403846153,5.957692307692308,inf,66223565.788461536
2001,Science Fiction,17.504264052631576,5.726315789473684,2.0576822778818973,91482117.36842105
2001,Thriller,16.084726018867926,6.113207547169812,inf,73783799.41509435
2001,War,25.186858,6.433333333333334,1.761798999367921,135156678.0
2001,Western,6.1849635,5.550000000000001,0.39082608571428573,6839456.5
2002,Action,24.93977569230769,5.951923076923077,inf,123886951.25
2002,Adventure,27.046396525,6.0024999999999995,inf,150629654.25
2002,Animation,32.470590666666666,6.455555555555556,2.5060305177303124,115665533.8888889
2002,Comedy,13.513689280487805,5.847560975609756,inf,53203102.80487805
2002,Crime,21.451652735294118,6.5588235294117645,inf,72504751.94117647
2002,Documentary,8.727278666666667,6.133333333333333,10.873790325,33282261.666666668
2002,Drama,13.440865911504426,6.360176991150443,inf,45975149.371681415
2002,Family,20.50452,5.937037037037038,inf,91549652.85185185
2002,Fantasy,39.71047221428571,6.364285714285714,3.5818308080099492,244704614.2142857
2002,History,16.272903444444445,6.7444444444444445,inf,66599797.666666664
2002,Horror,18.991678,5.8125,2.729683107707653,51739878.9375
2002,Music,10.387108399999999,6.540000000000001,2.9583541588888886,85101249.4
2002,Mystery,21.749831210526317,5.994736842105263,inf,85123163.78947368
2002,Romance,11.232722978260869,6.158695652173913,4.812797614682937,38937399.717391305
2002,Science Fiction,30.6927265,5.977777777777778,3.3862060988058467,149559731.66666666
2002,Thriller,19.537547584615385,5.916923076923077,inf,65512846.04615384
2002,War,19.1141485,6.433333333333334,1.3899034489275361,62421885.833333336
2002,Western,41.670544,7.4,1.5320442375,122563539.0
2003,Action,37.68186852380953,6.173809523809524,inf,176022190.5
2003,Adventure,37.10296878571428,6.285714285714286,inf,189800672.0
2003,Animation,27.206684666666664,6.383333333333333,3.6533706497163116,195382729.33333334
2003,Comedy,14.427981430555555,5.609722222222222,inf,65486445.527777776
2003,Crime,17.4575541875,6.246875,2.1639411751273636,53769754.28125
2003,Documentary,3.6920828,6.5,inf,4571268.0
2003,Drama,13.26208725,6.509722222222222,inf,40021090.25
2003,Family,18.07890888888889,5.916666666666667,3.4902687305744515,113751919.5
2003,Fantasy,55.2011156,6.1066666666666665,3.372117833718738,212008048.8
2003,Foreign,0.6220795,6.25,,0.0
2003,History,12.802629571428572,6.871428571428571,0.8708666186605677,89290457.71428572
2003,Horror,17.623115416666668,5.7749999999999995,2.297976058509102,45232132.25
2003,Music,10.710446857142855,5.485714285714286,9.096192863888888,31498354.57142857
2003,Mystery,18.6966952,6.319999999999999,2.306220060003663,45857858.53333333
2003,Romance,11.687253851851851,5.97037037037037,inf,47515161.40740741
2003,Science Fiction,28.989908266666664,5.793333333333334,2.085441870710919,192907425.4
2003,Thriller,23.52371889130435,6.156521739130435,1.9103953748806903,95854942.36956522
2003,War,19.2571472,6.62,0.94333391,111063075.0
2003,Western,17.6596895,6.5,2.435423347272727,78309890.0
2004,Action,28.851744195121952,6.070731707317074,inf,139296593.87804878
2004,Adventure,29.3764618125,6.225,inf,203956949.6875
2004,Animation,33.75308163636364,6.418181818181818,3.704561351577135,268633387.54545456
2004,Comedy,17.225024451219515,5.886585365853659,inf,66750746.719512194
2004,Crime,24.299515130434784,6.3304347826086955,6.257979710387011,68356386.73913044
2004,Documentary,6.9774626,6.9,inf,32171119.0
2004,Drama,15.515843495049506,6.348514851485149,inf,51059811.653465346
2004,Family,21.04976043478261,5.586956521739131,inf,162136501.3478261
2004,Fantasy,34.0559455625,6.45625,inf,240647328.9375
2004,Foreign,0.3617935,7.3,0.0,0.0
2004,History,21.306282166666666,6.833333333333333,inf,64624131.0
2004,Horror,23.651682357142857,5.635714285714286,9.239382121101082,63358679.64285714
2004,Music,9.0374841,6.2299999999999995,0.7200778609374999,19062709.0
2004,Mystery,24.770773714285717,5.978571428571429,inf,102295072.92857143
2004,Romance,16.770661822222223,6.206666666666667,inf,54951610.11111111
2004,Science Fiction,30.47311795,6.0200000000000005,4.92289423416188,101151600.35
2004,Thriller,22.219886106382976,6.074468085106383,14.757352820019756,80947786.4893617
2004,War,31.184473166666667,6.816666666666666,inf,136784821.66666666
2004,Western,13.709846500000001,6.15,0.629551598275862,66961705.5
2005,Action,22.887889437499997,5.829166666666667,inf,89291015.91666667
2005,Adventure,26.05732054054054,5.91081081081081,inf,159951914.94594595
2005,Animation,27.615623,6.411111111111111,3.7113800960884356,165332235.1111111
2005,Comedy,13.221763439024391,5.785365853658536,inf,59504217.52439024
2005,Crime,24.520459413793102,6.386206896551724,inf,60286360.5862069
2005,Documentary,3.0076855,6.7,6.49776884375,14151466.6
2005,Drama,14.572090339130435,6.369565217391305,inf,50103079.84347826
2005,Family,23.231645290322582,6.109677419354839,3.0659529019355922,145670434.51612905
2005,Fantasy,23.926392749999998,5.885,1.7229574386015822,139469943.0
2005,Foreign,1.0226536666666666,5.933333333333334,inf,3474129.0
2005,History,17.328276727272726,6.663636363636363,1.670916372431686,66040930.27272727
2005,Horror,17.56574728,5.6,inf,53318975.48
2005,Music,17.611862333333335,6.7,inf,62344211.833333336
2005,Mystery,21.032622230769228,6.076923076923077,1.8483606905496819,69703057.38461539
2005,Romance,11.60653663265306,6.036734693877551,inf,47838960.551020406
2005,Science Fiction,23.232981428571428,6.114285714285714,1.929749230562491,157198180.35714287
2005,Thriller,20.494675865384615,6.032692307692307,inf,75080309.01923077
2005,War,18.286776833333334,6.333333333333333,0.78115231497669,56068135.5
2005,Western,13.390888,7.05,1.6633782166666666,8542421.0
2006,Action,24.936514459999998,6.046,inf,118709200.76
2006,Adventure,32.175680676470584,6.055882352941176,2.0531367723199674,192853454.1470588
2006,Animation,30.48248733333333,5.993333333333334,inf,183174574.73333332
2006,Comedy,15.719933566666667,5.931111111111111,inf,70859525.3888889
2006,Crime,18.78744738235294,6.205882352941177,inf,56359434.058823526
2006,Documentary,3.6645960000000004,6.529999999999999,inf,12070061.1
2006,Drama,14.443674781954886,6.38421052631579,inf,40273796.54887218
2006,Family,19.692968742857143,5.66,inf,108702616.31428571
2006,Fantasy,35.77696108,6.1,inf,152715798.2
2006,Foreign,1.458884,6.1,0.0281332,140666.0
2006,History,15.483951125,6.525,1.9620457193441478,50786949.625
2006,Horror,15.437078,5.6450000000000005,3.4771847424164455,41099847.4
2006,Music,11.415352714285714,6.3999999999999995,2.6685765291666668,21276701.85714286
2006,Mystery,23.545738733333334,6.166666666666667,2.4876735216084653,92320091.26666667
2006,Romance,14.839641869565217,6.171739130434782,2.2593357675678667,43983885.19565217
2006,Science Fiction,20.141905611111113,6.0,inf,73593602.33333333
2006,TV Movie,8.832466499999999,5.949999999999999,0.0,0.0
2006,Thriller,22.890319637931036,6.120689655172414,inf,91190026.96551724
2006,War,28.965958333333333,6.877777777777777,2.35535713746528,80046251.0
2006,Western,20.27704,5.8,0.2998947714285714,10496317.0
2007,Action,25.13973422727273,5.6431818181818185,inf,139417498.27272728
2007,Adventure,33.5389236,5.944,inf,252925577.04
2007,Animation,33.516796299999996,6.32,3.4978911834940085,303910042.8
2007,Comedy,14.834837895522387,5.68955223880597,inf,90587260.6716418
2007,Crime,22.449089035714284,6.446428571428571,2.293342818583924,71209968.75
2007,Documentary,3.2383418571428573,6.871428571428572,1.0464726822222223,6996519.857142857
2007,Drama,15.753802154639176,6.441237113402061,inf,47158962.74226804
2007,Family,31.1542794,6.17,inf,253073816.2
2007,Fantasy,44.583455263157894,5.752631578947368,2.5633356808350634,328100450.84210527
2007,Foreign,1.350913,6.333333333333333,,0.0
2007,History,10.272685555555556,6.277777777777778,0.9375987481523307,34724793.88888889
2007,Horror,22.144525962962962,5.703703703703703,inf,70128364.62962963
2007,Music,17.391650454545456,6.4,inf,67818563.0
2007,Mystery,28.75910382352941,6.164705882352941,863.0417331274299,133749885.70588236
2007,Romance,12.575649513513515,6.0864864864864865,inf,47444314.51351351
2007,Science Fiction,28.05716384615385,6.161538461538461,2.2655229833793986,131784409.84615384
2007,Thriller,23.900736981132077,6.1113207547169806,inf,81610226.79245283
2007,War,8.037463,5.6,0.26703884179104476,13042570.0
2007,Western,17.6245148,3.9799999999999995,0.587805093939394,16945602.6
2008,Action,34.89489715217392,6.017391304347826,2.4665000563736057,153229968.26086956
2008,Adventure,33.03674597297297,5.978378378378378,2.259312474192822,164634357.3243243
2008,Animation,25.421272846153844,6.376923076923077,2.4217233636153614,183178432.69230768
2008,Comedy,17.65920806097561,5.804878048780488,inf,69372319.65853658
2008,Crime,25.73574687878788,6.154545454545454,inf,83657699.96969697
2008,Documentary,5.309499625,7.3625,inf,1309606.75
2008,Drama,18.543001150943397,6.378301886792453,inf,53924859.716981135
2008,Family,23.69818903448276,6.096551724137932,inf,145012131.86206895
2008,Fantasy,31.3830994,5.87,inf,172103509.65
2008,Foreign,0.9854855,6.75,0.15714285714285714,550000.0
2008,History,13.728260923076922,6.776923076923077,inf,22142851.846153848
2008,Horror,10.546099190476191,5.428571428571429,inf,14569559.19047619
2008,Music,11.7784039,6.34,inf,19274165.3
2008,Mystery,19.615731,6.0600000000000005,1.1404120560997337,56402442.0
2008,Romance,23.645183657894737,6.2,inf,94116119.84210527
2008,Science Fiction,25.206700037037038,5.78888888888889,inf,88350099.55555555
2008,Thriller,25.65350412727273,6.009090909090909,inf,88533807.94545455
2008,War,16.012143454545456,6.781818181818181,1.3639589695555556,27479947.545454547
2008,Western,13.9608605,6.699999999999999,0.50528485,10105697.0
2009,Action,26.143293960784312,5.894117647058824,inf,171749019.92156863
2009,Adventure,38.98324930555556,5.955555555555556,3.1084489137419973,318909191.0277778
2009,Animation,39.096720733333335,6.48,inf,243365517.2
2009,Comedy,16.32541175257732,5.852577319587629,inf,69657312.43298969
2009,Crime,15.65664096875,6.021875,inf,48658737.8125
2009,Documentary,7.5801404,6.540000000000001,inf,7368583.0
2009,Drama,14.319066901639344,6.3,inf,39566519.016393445
2009,Family,32.79668,6.160714285714286,inf,206650456.2142857
2009,Fantasy,38.36380718181818,6.013636363636365,3.082716652892031,286718284.6363636
2009,Foreign,0.75308075,6.35,0.5,1.75
2009,History,15.2880285,6.9,1.06142518642641,52600177.25
2009,Horror,17.905438433333334,5.706666666666666,inf,30823463.3
2009,Music,16.70419009090909,5.818181818181818,2.7809766727040817,87657271.81818181
2009,Mystery,22.70389775,6.107142857142857,3.1870990986864105,69844520.21428572
2009,Romance,14.05530454385965,6.129824561403509,inf,54639980.473684214
2009,Science Fiction,34.65532603125,5.878125,inf,238142780.96875
2009,Thriller,21.125304627118645,5.850847457627118,inf,57951107.44067796
2009,War,30.039469750000002,7.05,2.494134190705128,110457813.75
2010,Action,31.423032734693876,6.038775510204081,1.762454017221429,137165488.7142857
2010,Adventure,47.88176133333333,6.2266666666666675,2.6502826711023677,284415001.76666665
2010,Animation,38.220610384615384,6.300000000000001,3.202025432506512,319930999.15384614
2010,Comedy,16.65413487356322,5.779310344827587,inf,78150223.33333333
2010,Crime,19.12039233333333,6.123333333333333,inf,40743804.8
2010,Documentary,6.4653728571428575,6.142857142857143,2.661589370833333,18467650.14285714
2010,Drama,16.99691352173913,6.19304347826087,inf,47723565.73913044
2010,Family,28.206340379310344,5.7620689655172415,inf,223553547.41379312
2010,Fantasy,35.37773876190476,5.909523809523809,2.1785312861407786,244439064.47619048
2010,Foreign,0.12082,5.2,,0.0
2010,History,10.5707005,6.7,4.829709550694445,58998211.875
2010,Horror,17.25407151851852,5.52962962962963,8.191584841014194,44212869.222222224
2010,Music,8.9589465,5.1,inf,1763818.5
2010,Mystery,32.967367764705884,6.329411764705882,2.30089876493349,102049722.58823529
2010,Romance,19.651845444444444,6.055555555555555,inf,73860758.08888888
2010,Science Fiction,34.775384,5.947368421052632,2.4932574314480007,154197245.0526316
2010,Thriller,26.644116571428572,6.066071428571428,inf,75756243.39285715
2010,War,14.192868333333335,6.8999999999999995,1.3906309514705884,39079289.5
2010,Western,17.5453564,6.220000000000001,inf,54955959.6
2011,Action,32.200047827586204,5.968965517241379,inf,162148047.68965518
2011,Adventure,36.51153875,6.034375,inf,260637183.25
2011,Animation,27.23376694117647,5.882352941176471,2.291970528357987,246657771.88235295
2011,Comedy,19.74747230487805,5.924390243902439,inf,88641167.35365854
2011,Crime,26.285661708333336,6.295833333333333,inf,93655261.75
2011,Documentary,5.107424857142858,5.785714285714286,inf,16821734.714285713
2011,Drama,18.256343676767678,6.273737373737374,inf,45331688.73737374
2011,Family,20.705593142857143,5.892857142857143,2.5133652033042995,179285146.25
2011,Fantasy,44.08767,5.953333333333333,2.649384841506804,257849882.6
2011,Foreign,0.1265865,5.75,,0.0
2011,History,12.538484125,5.75,3.247503166567497,38963728.625
2011,Horror,16.344190416666667,5.4125000000000005,3.278555773092485,37886687.708333336
2011,Music,12.0127848,5.5600000000000005,3.57723688,124996972.8
2011,Mystery,33.6893141875,6.2125,2.712425754083166,116921196.25
2011,Romance,18.418704766666668,6.180000000000001,inf,69114247.46666667
2011,Science Fiction,34.57685542307692,6.065384615384615,3.332687422529779,166997171.76923078
2011,TV Movie,0.102003,5.0,,0.0
2011,Thriller,24.981474260869565,6.017391304347826,inf,74976109.13043478
2011,War,11.106969,6.2,0.6732351833618293,46509038.333333336
2011,Western,12.046403666666668,5.699999999999999,inf,82116043.66666667
2012,Action,42.54343565116279,5.879069767441861,inf,252982953.79069766
2012,Adventure,58.869516999999995,6.164,3.2638690955858816,450667303.4
2012,Animation,41.75010607692308,6.176923076923076,2.582376029959874,275464449.15384614
2012,Comedy,22.1940938875,5.751250000000001,inf,87501485.6
2012,Crime,27.86851518518519,5.955555555555556,inf,91496086.03703703
2012,Documentary,3.314056888888889,6.711111111111111,3.1194773333333337,7503113.222222222
2012,Drama,25.538726683544304,6.256962025316456,inf,95389761.39240506
2012,Family,36.565746058823535,5.970588235294118,inf,230280971.3529412
2012,Fantasy,53.24267763157894,6.273684210526316,inf,329730485.0
2012,Foreign,0.126676,6.9,0.49466666666666664,111300.0
2012,History,23.16745625,6.425000000000001,2.3065185371131744,117025597.25
2012,Horror,15.570080484848484,5.181818181818182,inf,37786511.45454545
2012,Music,21.608093857142855,6.585714285714286,3.92735088081739,116344854.28571428
2012,Mystery,23.282849125,5.7375,6.687158783076923,74149545.0
2012,Romance,21.411081487179484,6.2384615384615385,inf,75241730.25641026
2012,Science Fiction,42.24939209090909,6.068181818181818,3.024914083297175,228033472.77272728
2012,TV Movie,1.368145,5.050000000000001,0.0,0.0
2012,Thriller,28.717158879310347,5.746551724137931,inf,101746480.7586207
2012,War,17.1270425,6.1,3.8205495344827587,65819071.5
2012,Western,43.9380535,6.65,4.25368238,212684119.0
2013,Action,40.179082642857146,6.044642857142857,inf,171881475.0357143
2013,Adventure,43.926363361111115,6.225,2.1795181909639108,288037803.1666667
2013,Animation,43.218709705882354,6.323529411764706,2.901530863676239,301098024.0588235
2013,Comedy,24.69921649295775,6.073239436619718,inf,82769061.63380282
2013,Crime,36.7606682972973,6.183783783783784,inf,66507041.567567565
2013,Documentary,3.3847570000000005,6.4,inf,3223090.7
2013,Drama,24.910004345454546,6.364545454545455,inf,54520709.554545455
2013,Family,38.025935363636364,6.013636363636365,2.668236912493102,270507508.95454544
2013,Fantasy,41.172347,5.947619047619048,2.0103871844466052,262981141.19047618
2013,History,30.20912825,7.025,6.032237931825926,58557353.0
2013,Horror,26.736672079999998,5.207999999999999,52638.01333715485,71843341.32
2013,Music,9.920868416666666,6.675,inf,12235403.333333334
2013,Mystery,36.5039758,6.24,1.6334002990740741,84050287.0
2013,Romance,23.59363492,6.54,inf,42198573.28
2013,Science Fiction,49.33890648148148,6.2592592592592595,inf,266269629.7037037
2013,TV Movie,10.9554545,5.4,0.0,0.0
2013,Thriller,34.250526698113205,5.926415094339623,inf,85131784.35849057
2013,War,12.764345666666665,5.766666666666667,1.8661950125,49765200.333333336
2013,Western,49.046956,5.9,0.35015650980392155,89289910.0
2014,Action,70.30505825925925,5.857407407407408,2.9645297747258486,257542174.1851852
2014,Adventure,93.98347891891892,6.335135135135135,3.0663164643571443,345155676.3513514
2014,Animation,44.496102071428574,6.078571428571428,2.929364582067058,220195358.42857143
2014,Comedy,35.14862717741935,5.945161290322581,inf,106833090.11290322
2014,Crime,30.567989074074074,5.762962962962963,inf,40226222.074074075
2014,Documentary,0.2211265,2.8833333333333333,0.0,0.0
2014,Drama,34.26477710909091,5.930909090909091,inf,56746991.981818184
2014,Family,42.888138695652174,6.156521739130435,2.7986364803481756,211412613.04347825
2014,Fantasy,72.0098199375,6.48125,2.872040712541596,365759443.4375
2014,History,39.838017,6.285714285714286,inf,82652111.71428572
2014,Horror,22.46481342857143,4.914285714285715,7.769144124175824,44089867.666666664
2014,Music,15.338336222222223,6.2444444444444445,inf,34684553.666666664
2014,Mystery,42.5936178,5.4399999999999995,1.8654117602131646,77155772.8
2014,Romance,26.869979458333333,6.270833333333333,inf,79393548.95833333
2014,Science Fiction,111.29141815384615,6.088461538461539,inf,290882294.15384614
2014,Thriller,36.90989857575757,5.50909090909091,inf,73885069.78787878
2014,War,62.121586300000004,6.790000000000001,4.50963071562751,187473728.4
2014,Western,17.953185,5.133333333333334,0.10758915625,1147617.6666666667
2015,Action,65.28167082608695,5.684782608695652,inf,236423194.63043478
2015,Adventure,107.44769851428572,6.268571428571429,inf,337748070.37142855
2015,Animation,103.520928,6.476923076923077,inf,314090729.38461536
2015,Comedy,46.77506382692308,6.017307692307692,inf,119900032.73076923
2015,Crime,34.08895238461538,5.4192307692307695,2.537114597960185,74795858.3076923
2015,Documentary,0.7050533333333333,4.133333333333334,0.0,0.0
2015,Drama,28.71735845744681,5.979787234042553,inf,73710517.77659574
2015,Family,93.56150570588235,5.8999999999999995,inf,281784548.5294118
2015,Fantasy,50.4774156,6.42,2.24909441540253,159648154.6
2015,History,22.394768222222222,6.566666666666666,2.0569529634920634,55443235.777777776
2015,Horror,15.81243121212121,4.984848484848484,inf,20688142.606060605
2015,Music,26.861148375,5.6875,4.04720321309286,79201510.5
2015,Mystery,30.7953285,5.505,inf,38669129.7
2015,Romance,29.21333652173913,6.352173913043478,inf,71187636.91304348
2015,Science Fiction,90.5625505357143,5.807142857142857,2.409905573922613,258872505.85714287
2015,Thriller,42.048846,5.444776119402985,inf,95786323.97014925
2015,War,14.24304,7.25,1.410507975,53210159.5
2015,Western,30.921296714285713,5.185714285714285,inf,98419959.14285715
2016,Action,50.54907284615385,5.866666666666667,2.8727626898304965,210890597.7948718
2016,Adventure,81.80612765217391,6.256521739130435,3.582142602394821,366462781.3043478
2016,Animation,50.04862025,6.025,6.868314680279028,471915323.25
2016,Comedy,50.0379876923077,5.592307692307693,3.5177578382056085,135998364.65384614
2016,Crime,33.5856445,5.55,1.872713514126984,138802027.3
2016,Drama,19.826177108108105,6.013513513513513,2.3096207630263192,60689356.324324325
2016,Family,35.65085533333333,6.211111111111111,4.864123143135657,347713717.1111111
2016,Fantasy,59.82671784615385,5.846153846153846,2.768307743624847,354213921.84615386
2016,History,21.728905333333334,6.7,2.331587922874396,37449868.333333336
2016,Horror,24.4582561,5.6,4.599795047304637,42228062.6
2016,Music,0.674398,6.0,,0.0
2016,Mystery,41.837537,6.466666666666666,5.753620402164502,97811435.83333333
2016,Romance,18.47118288888889,5.944444444444445,3.987375995304929,49638996.222222224
2016,Science Fiction,71.21838336363636,6.118181818181818,3.0330756480606156,332367725.09090906
2016,Thriller,28.80256837037037,5.785185185185185,inf,65971467.85185185
2016,War,23.410786,6.466666666666666,0.9444732,31482440.0
2016,Western,15.333575,5.4,0.05589136,1397284.0
2017,Comedy,0.71087,7.4,,0.0
2017,Drama,0.71087,7.4,,0.0
2017,Family,0.71087,7.4,,0.0
